insert into Category (id, name)values (1, 'Dairy products and eggs');
insert into Category (id, name) values (2, 'Vegetables and fruits');
insert into Category (id, name) values (3, 'Sausages');
insert into Category (id, name) values (4, 'Meat and poultry');
insert into Category (id, name) values (5, 'Fish and seafood');
insert into Category (id, name) values (6, 'Bread products');
insert into Category (id, name) values (7, 'Pasta and cereals');
insert into Category (id, name) values (8, 'Juice, water and drinks');
insert into Category (id, name) values (9, 'Sweets and pastries');
insert into Category (id, name) values (10, 'Everything for baking');
insert into Category (id, name) values (11, 'Frozen foods');
insert into Category (id, name) values (12, 'Butter and sauces');
insert into Category (id, name) values (13, 'Sugar, salt and spices');
insert into Category (id, name) values (14, 'Tea and coffee');
insert into Category (id, name) values (15, 'Chips, nuts and snacks');
insert into Category (id, name) values (16, 'Ready-made food');
insert into Category (id, name) values (17, 'Alcohol');
insert into Category (id, name) values (18, 'Products for children');
insert into Category (id, name) values (19, 'Household chemicals');
insert into Category (id, name) values (20, 'Household goods');
insert into Category (id, name) values (21, 'Cosmetics and hygiene');
insert into Category (id, name) values (22, 'Stationery');
insert into Category (id, name) values (23, 'Pet products');
insert into Category (id, name) values (24, 'Pharmacy');

insert into Product (id, name, category_id, price) values (1, 'Pepper', 13, 434.88);
insert into Product (id, name, category_id, price) values (2, 'Bread', 6, 150);
insert into Product (id, name, category_id, price) values (3, 'Jam', 9, 1020);
insert into Product (id, name, category_id, price) values (4, 'Popcorn', 15, 1238);
insert into Product (id, name, category_id, price) values (5, 'Tomato', 2, 350);
insert into Product (id, name, category_id, price) values (6, 'Juice', 8, 750);
insert into Product (id, name, category_id, price) values (7, 'Soda', 8, 668);
insert into Product (id, name, category_id, price) values (8, 'Tea', 14, 1000);
insert into Product (id, name, category_id, price) values (9, 'Oil', 12, 675);
insert into Product (id, name, category_id, price) values (10, 'Potato', 2, 220);
insert into Product (id, name, category_id, price) values (11, 'Sugar', 13, 500);
insert into Product (id, name, category_id, price) values (12, 'Peanut Butter', 12, 860);
insert into Product (id, name, category_id, price) values (13, 'Ketchup', 12, 179);
insert into Product (id, name, category_id, price) values (14, 'Water', 8, 250);
insert into Product (id, name, category_id, price) values (15, 'Cheese', 1, 1280);
insert into Product (id, name, category_id, price) values (16, 'Beef', 4, 3000);
insert into Product (id, name, category_id, price) values (17, 'Chips', 15, 650);
insert into Product (id, name, category_id, price) values (18, 'Coffee', 14, 2300);
insert into Product (id, name, category_id, price) values (19, 'Yogurt', 1, 235);
insert into Product (id, name, category_id, price) values (20, 'Butter', 12, 2500);
insert into Product (id, name, category_id, price) values (21, 'Baking Soda', 10, 124);
insert into Product (id, name, category_id, price) values (22, 'Eggs', 1, 599);
insert into Product (id, name, category_id, price) values (23, 'Fish', 5, 5000);
insert into Product (id, name, category_id, price) values (24, 'Frozen Vegetables', 11, 2000);
insert into Product (id, name, category_id, price) values (25, 'Cereal', 7, 1233);
insert into Product (id, name, category_id, price) values (26, 'Nuts', 15, 625);
insert into Product (id, name, category_id, price) values (27, 'Ice Cream', 15, 500);
insert into Product (id, name, category_id, price) values (28, 'Chocolate Chips', 15, 1000);
insert into Product (id, name, category_id, price) values (29, 'Banana Cupcakes', 5, 450);
insert into Product (id, name, category_id, price) values (30, 'Salt', 13, 159);
insert into Product (id, name, category_id, price) values (31, 'Crackers', 15, 490);
insert into Product (id, name, category_id, price) values (32, 'Frozen Pizza', 11, 2600);
insert into Product (id, name, category_id, price) values (33, 'Milk', 1, 470);
insert into Product (id, name, category_id, price) values (34, 'Frozen Dinners', 11, 4500);
insert into Product (id, name, category_id, price) values (35, 'Mayonnaise', 12, 2455);
insert into Product (id, name, category_id, price) values (36, 'Rice', 7, 400);
insert into Product (id, name, category_id, price) values (37, 'Butter', 12, 355);
insert into Product (id, name, category_id, price) values (38, 'Chicken', 4, 2999);
insert into Product (id, name, category_id, price) values (39, 'Flour', 10, 600);
insert into Product (id, name, category_id, price) values (40, 'Dried Fruits', 2, 899);

insert into Customer (id, first_name, last_name, email, phone) values (1, 'Stephenie', 'Sagg', 'ssagg0@cnbc.com', '+216 (489) 462-6296');
insert into Customer (id, first_name, last_name, email, phone) values (2, 'Verile', 'Falconar', 'vfalconar1@smh.com.au', '+86 (853) 479-3930');
insert into Customer (id, first_name, last_name, email, phone) values (3, 'Kristos', 'Yeaman', 'kyeaman2@comsenz.com', '+55 (211) 116-4408');
insert into Customer (id, first_name, last_name, email, phone) values (4, 'Oliviero', 'Fehner', 'ofehner3@cbsnews.com', '+7 (962) 530-0886');
insert into Customer (id, first_name, last_name, email, phone) values (5, 'Ruby', 'Pooley', 'rpooley4@blogger.com', '+974 (470) 103-5623');
insert into Customer (id, first_name, last_name, email, phone) values (6, 'August', 'Heeks', 'aheeks5@abc.net.au', '+48 (992) 311-3540');
insert into Customer (id, first_name, last_name, email, phone) values (7, 'Hallsy', 'Colby', 'hcolby6@mysql.com', '+48 (615) 119-8014');
insert into Customer (id, first_name, last_name, email, phone) values (8, 'Padgett', 'Josef', 'pjosef7@umich.edu', '+420 (654) 155-7000');
insert into Customer (id, first_name, last_name, email, phone) values (9, 'Edwina', 'Tondeur', 'etondeur8@google.com.br', '+92 (876) 478-1471');
insert into Customer (id, first_name, last_name, email, phone) values (10, 'Harriot', 'Wilmington', 'hwilmington9@bandcamp.com', '+86 (205) 866-4083');

insert into Orders (id, customer_id, product_id, quantity) values (1, 4, 35, 1);
insert into Orders (id, customer_id, product_id, quantity) values (2, 4, 1, 3);
insert into Orders (id, customer_id, product_id, quantity) values (3, 9, 15, 1);
insert into Orders (id, customer_id, product_id, quantity) values (4, 10, 15, 3);
insert into Orders (id, customer_id, product_id, quantity) values (5, 5, 30, 4);
insert into Orders (id, customer_id, product_id, quantity) values (6, 2, 2, 1);
insert into Orders (id, customer_id, product_id, quantity) values (7, 1, 15, 5);
insert into Orders (id, customer_id, product_id, quantity) values (8, 3, 26, 3);
insert into Orders (id, customer_id, product_id, quantity) values (9, 10, 29, 5);
insert into Orders (id, customer_id, product_id, quantity) values (10, 9, 5, 4);
insert into Orders (id, customer_id, product_id, quantity) values (11, 10, 9, 5);
insert into Orders (id, customer_id, product_id, quantity) values (12, 1, 24, 5);
insert into Orders (id, customer_id, product_id, quantity) values (13, 5, 31, 4);
insert into Orders (id, customer_id, product_id, quantity) values (14, 7, 10, 5);
insert into Orders (id, customer_id, product_id, quantity) values (15, 9, 37, 3);
insert into Orders (id, customer_id, product_id, quantity) values (16, 9, 4, 2);
insert into Orders (id, customer_id, product_id, quantity) values (17, 3, 18, 3);
insert into Orders (id, customer_id, product_id, quantity) values (18, 5, 37, 4);
insert into Orders (id, customer_id, product_id, quantity) values (19, 6, 1, 1);
insert into Orders (id, customer_id, product_id, quantity) values (20, 5, 26, 4);
insert into Orders (id, customer_id, product_id, quantity) values (21, 8, 23, 2);
insert into Orders (id, customer_id, product_id, quantity) values (22, 2, 10, 1);
insert into Orders (id, customer_id, product_id, quantity) values (23, 6, 28, 2);
insert into Orders (id, customer_id, product_id, quantity) values (24, 2, 1, 5);
insert into Orders (id, customer_id, product_id, quantity) values (25, 4, 22, 3);
insert into Orders (id, customer_id, product_id, quantity) values (26, 3, 29, 2);
insert into Orders (id, customer_id, product_id, quantity) values (27, 9, 36, 5);
insert into Orders (id, customer_id, product_id, quantity) values (28, 9, 3, 5);
insert into Orders (id, customer_id, product_id, quantity) values (29, 2, 35, 2);
insert into Orders (id, customer_id, product_id, quantity) values (30, 10, 17, 1);
insert into Orders (id, customer_id, product_id, quantity) values (31, 3, 4, 4);
insert into Orders (id, customer_id, product_id, quantity) values (32, 2, 29, 3);
insert into Orders (id, customer_id, product_id, quantity) values (33, 3, 25, 1);
insert into Orders (id, customer_id, product_id, quantity) values (34, 4, 18, 5);
insert into Orders (id, customer_id, product_id, quantity) values (35, 3, 16, 1);
insert into Orders (id, customer_id, product_id, quantity) values (36, 1, 23, 4);
insert into Orders (id, customer_id, product_id, quantity) values (37, 6, 8, 5);
insert into Orders (id, customer_id, product_id, quantity) values (38, 9, 13, 5);
insert into Orders (id, customer_id, product_id, quantity) values (39, 9, 32, 3);
insert into Orders (id, customer_id, product_id, quantity) values (40, 8, 3, 5);
insert into Orders (id, customer_id, product_id, quantity) values (41, 8, 15, 4);
insert into Orders (id, customer_id, product_id, quantity) values (42, 3, 21, 3);
insert into Orders (id, customer_id, product_id, quantity) values (43, 4, 23, 5);
insert into Orders (id, customer_id, product_id, quantity) values (44, 7, 11, 2);
insert into Orders (id, customer_id, product_id, quantity) values (45, 3, 19, 5);
insert into Orders (id, customer_id, product_id, quantity) values (46, 2, 5, 3);
insert into Orders (id, customer_id, product_id, quantity) values (47, 8, 7, 3);
insert into Orders (id, customer_id, product_id, quantity) values (48, 2, 7, 2);
insert into Orders (id, customer_id, product_id, quantity) values (49, 9, 20, 5);
insert into Orders (id, customer_id, product_id, quantity) values (50, 5, 17, 3);

insert into Status (id, name) values (1, 'under consideration');
insert into Status (id, name) values (2, 'accepted');
insert into Status (id, name) values (3, 'rejected');
--
--insert into Orders_history (id, status_id, order_id, modify_date) values (1, 2, 43, '2/11/2023' );
--insert into Orders_history (id, status_id, order_id, modify_date) values (2, 3, 15, '3/8/2023' );
--insert into Orders_history (id, status_id, order_id, modify_date) values (3, 3, 4,  '3/8/2023');
--insert into Orders_history (id, status_id, order_id, modify_date) values (4, 2, 11, '1/29/2023');
--insert into Orders_history (id, status_id, order_id, modify_date) values (5, 2, 8,  '3/6/2023');
--insert into Orders_history (id, status_id, order_id, modify_date) values (6, 3, 38, '1/6/2023');
--insert into Orders_history (id, status_id, order_id, modify_date) values (7, 3, 35, '2/16/2023');
--insert into Orders_history (id, status_id, order_id, modify_date) values (8, 1, 3,  '3/28/2023');
--insert into Orders_history (id, status_id, order_id, modify_date) values (9, 3, 19,  '1/21/2023');
--insert into Orders_history (id, status_id, order_id, modify_date) values (10, 2, 16, '1/26/2023');
--insert into Orders_history (id, status_id, order_id, modify_date) values (11, 2, 6,   '1/12/2023');
--insert into Orders_history (id, status_id, order_id, modify_date) values (12, 2, 38, '3/12/2023');
--insert into Orders_history (id, status_id, order_id, modify_date) values (13, 3, 30, '2/12/2023');
--insert into Orders_history (id, status_id, order_id, modify_date) values (14, 2, 44, '4/20/2023');
--insert into Orders_history (id, status_id, order_id, modify_date) values (15, 2, 8, '3/11/2023');
--insert into Orders_history (id, status_id, order_id, modify_date) values (16, 3, 20, '4/6/2023');
--insert into Orders_history (id, status_id, order_id, modify_date) values (17, 2, 44, '4/21/2023');
--insert into Orders_history (id, status_id, order_id, modify_date) values (18, 2, 43, '3/20/2023');
--insert into Orders_history (id, status_id, order_id, modify_date) values (19, 1, 4, '2/5/2023');
--insert into Orders_history (id, status_id, order_id, modify_date) values (20, 2, 4, '4/14/2023');
--insert into Orders_history (id, status_id, order_id, modify_date) values (21, 3, 9, '1/21/2023');
--insert into Orders_history (id, status_id, order_id, modify_date) values (22, 2, 45, '1/22/2023');
--insert into Orders_history (id, status_id, order_id, modify_date) values (23, 1, 44, '3/22/2023');
--insert into Orders_history (id, status_id, order_id, modify_date) values (24, 1, 46, '1/13/2023');
--insert into Orders_history (id, status_id, order_id, modify_date) values (25, 3, 28, '5/3/2023');
--insert into Orders_history (id, status_id, order_id, modify_date) values (26, 2, 4, '1/9/2023');
--insert into Orders_history (id, status_id, order_id, modify_date) values (27, 1, 39, '3/1/2023');
--insert into Orders_history (id, status_id, order_id, modify_date) values (28, 3, 13, '3/28/2023');
--insert into Orders_history (id, status_id, order_id, modify_date) values (29, 3, 4, '4/11/2023');
--insert into Orders_history (id, status_id, order_id, modify_date) values (30, 2, 25, '1/8/2023');
--insert into Orders_history (id, status_id, order_id, modify_date) values (31, 1, 38, '3/26/2023');
--insert into Orders_history (id, status_id, order_id, modify_date) values (32, 2, 9, '2/11/2023');
--insert into Orders_history (id, status_id, order_id, modify_date) values (33, 2, 28, '1/13/2023');
--insert into Orders_history (id, status_id, order_id, modify_date) values (34, 3, 44, '2/23/2023');
--insert into Orders_history (id, status_id, order_id, modify_date) values (35, 2, 14, '4/4/2023');
--insert into Orders_history (id, status_id, order_id, modify_date) values (36, 3, 46, '3/12/2023');
--insert into Orders_history (id, status_id, order_id, modify_date) values (37, 1, 28, '2/23/2023');
--insert into Orders_history (id, status_id, order_id, modify_date) values (38, 3, 31, '2/18/2023');
--insert into Orders_history (id, status_id, order_id, modify_date) values (39, 1, 19, '1/2/2023');
--insert into Orders_history (id, status_id, order_id, modify_date) values (40, 3, 36, '3/3/2023');
--insert into Orders_history (id, status_id, order_id, modify_date) values (41, 1, 44, '2/20/2023');
--insert into Orders_history (id, status_id, order_id, modify_date) values (42, 1, 19, '4/12/2023');
--insert into Orders_history (id, status_id, order_id, modify_date) values (43, 1, 47, '5/3/2023');
--insert into Orders_history (id, status_id, order_id, modify_date) values (44, 2, 50, '1/31/2023');
--insert into Orders_history (id, status_id, order_id, modify_date) values (45, 3, 20, '4/13/2023');
--insert into Orders_history (id, status_id, order_id, modify_date) values (46, 2, 24, '3/28/2023');
--insert into Orders_history (id, status_id, order_id, modify_date) values (47, 3, 31, '3/6/2023');
--insert into Orders_history (id, status_id, order_id, modify_date) values (48, 2, 3, '3/3/2023');
--insert into Orders_history (id, status_id, order_id, modify_date) values (49, 1, 40, '2/6/2023');
--insert into Orders_history (id, status_id, order_id, modify_date) values (50, 3, 46, '4/21/2023');

COMMIT;